Voltage,Capacitance
-80,2.299639e-10
-79.99984,2.299639e-10
-79.9996,2.299639e-10
-79.99924,2.299639e-10
-79.9987,2.2996389e-10
-79.99789,2.2996391e-10
-79.996675,2.2996391e-10
-79.994852,2.299639e-10
-79.992119,2.2996392e-10
-79.988018,2.2996393e-10
-79.981867,2.2996396e-10
-79.972641,2.2996402e-10
-79.958801,2.2996406e-10
-79.938042,2.2996416e-10
-79.906903,2.2996429e-10
-79.860194,2.2996447e-10
-79.790131,2.2996477e-10
-79.685036,2.2996521e-10
-79.527395,2.2996588e-10
-79.290932,2.2996688e-10
-78.936238,2.2996841e-10
-78.404197,2.2997068e-10
-77.606135,2.299741e-10
-76.409043,2.2997928e-10
-74.809043,2.2998626e-10
-73.209043,2.2999337e-10
-71.609043,2.3000055e-10
-70.009043,2.3000784e-10
-68.409043,2.3001523e-10
-66.809043,2.3002272e-10
-65.209043,2.3003032e-10
-64,2.3003613e-10
-62.4,2.300439e-10
-60.8,2.3005181e-10
-59.2,2.3005986e-10
-57.6,2.3006799e-10
-56,2.3007628e-10
-54.4,2.3008469e-10
-52.8,2.3009322e-10
-51.2,2.301019e-10
-49.6,2.3011072e-10
-48,2.3011969e-10
-46.4,2.3012881e-10
-44.8,2.3013809e-10
-43.2,2.3014753e-10
-41.6,2.3015714e-10
-40,2.3016692e-10
-38.4,2.3017689e-10
-36.8,2.3018704e-10
-35.2,2.3019738e-10
-33.6,2.3020793e-10
-32,2.3021869e-10
-30.4,2.3022966e-10
-28.8,2.3024086e-10
-27.2,2.302523e-10
-25.6,2.3026397e-10
-24,2.3027591e-10
-22.4,2.3028812e-10
-20.8,2.3030061e-10
-19.2,2.3031339e-10
-17.6,2.3032648e-10
-16,2.303399e-10
-14.4,2.3035365e-10
-12.8,2.3036777e-10
-11.2,2.3038224e-10
-9.6,2.3039711e-10
-8,2.3041238e-10
-6.4,2.3042811e-10
-4.8,2.3044429e-10
-3.2,2.3046097e-10
-1.6,2.3047816e-10
0,2.3049589e-10
1.6,2.3051421e-10
3.2,2.3053319e-10
4.8,2.3055282e-10
6.4,2.3057316e-10
8,2.3059428e-10
9.6,2.3061622e-10
11.2,2.3063906e-10
12.8,2.3066287e-10
14.4,2.3068772e-10
16,2.3071372e-10
17.6,2.3074097e-10
19.2,2.3076959e-10
20.8,2.3079973e-10
22.4,2.3083153e-10
24,2.3086517e-10
25.6,2.3090088e-10
27.2,2.3093891e-10
28.8,2.309795e-10
30.4,2.3102298e-10
32,2.3106971e-10
33.6,2.3112002e-10
35.2,2.3117417e-10
36.8,2.312321e-10
38.4,2.3129262e-10
40,2.313509e-10
41.6,2.3138759e-10
43.2,2.3129944e-10
44.8,2.2957724e-10
46.4,2.2636593e-10
48,6.2626299e-10
49.6,8.3406496e-10
51.2,8.6134064e-10
52.8,8.6839103e-10
54.4,8.7035672e-10
56,8.7149449e-10
57.6,8.7303651e-10
59.2,8.7364171e-10
60.8,8.7348858e-10
62.4,8.737777e-10
64,8.7402941e-10
65.6,8.7417224e-10
67.2,8.7430248e-10
68.8,8.7438493e-10
70.4,8.7449008e-10
72,8.745956e-10
73.6,8.7463924e-10
75.2,8.7478284e-10
76.8,8.7477332e-10
78.4,8.748438e-10
80,8.7489369e-10

