Voltage,Capacitance
-80,2.1355002e-10
-79.99984,2.1355002e-10
-79.9996,2.1355003e-10
-79.99924,2.1355003e-10
-79.9987,2.1355001e-10
-79.99789,2.1355005e-10
-79.996675,2.1355006e-10
-79.994852,2.1355006e-10
-79.992119,2.1355009e-10
-79.988018,2.1355015e-10
-79.981867,2.1355022e-10
-79.972641,2.1355037e-10
-79.958801,2.1355055e-10
-79.938042,2.1355081e-10
-79.906903,2.1355121e-10
-79.860194,2.1355177e-10
-79.790131,2.1355267e-10
-79.685036,2.1355401e-10
-79.527395,2.1355603e-10
-79.290932,2.1355906e-10
-78.936238,2.1356366e-10
-78.404197,2.1357056e-10
-77.606135,2.13581e-10
-76.435645,2.1359653e-10
-74.835645,2.1361815e-10
-73.235645,2.1364035e-10
-71.635645,2.1366306e-10
-70.035645,2.1368632e-10
-68.435645,2.1371017e-10
-66.835645,2.1373464e-10
-65.235645,2.1375976e-10
-64,2.1377961e-10
-62.4,2.1380592e-10
-60.8,2.13833e-10
-59.2,2.1386089e-10
-57.6,2.1388955e-10
-56,2.1391913e-10
-54.4,2.1394961e-10
-52.8,2.1398105e-10
-51.2,2.1401353e-10
-49.6,2.1404711e-10
-48,2.1408179e-10
-46.4,2.1411777e-10
-44.8,2.1415509e-10
-43.2,2.1419382e-10
-41.6,2.1423408e-10
-40,2.1427596e-10
-38.4,2.1431961e-10
-36.8,2.1436515e-10
-35.2,2.1441274e-10
-33.6,2.1446255e-10
-32,2.1451478e-10
-30.4,2.1456965e-10
-28.8,2.1462746e-10
-27.2,2.146883e-10
-25.6,2.1475271e-10
-24,2.1482094e-10
-22.4,2.1489342e-10
-20.8,2.1497064e-10
-19.2,2.1505316e-10
-17.6,2.151416e-10
-16,2.1523672e-10
-14.4,2.1533937e-10
-12.8,2.154505e-10
-11.2,2.1557133e-10
-9.6,2.1570294e-10
-8,2.1584679e-10
-6.4,2.1600394e-10
-4.8,2.1617536e-10
-3.2,2.1636067e-10
-1.6,2.1655706e-10
0,2.1675615e-10
1.6,2.1693698e-10
3.2,2.1705576e-10
4.8,2.1702374e-10
6.4,2.166881e-10
8,2.1585337e-10
9.6,2.1442824e-10
11.2,2.1260923e-10
12.8,2.1067715e-10
14.4,2.0859915e-10
16,2.0622844e-10
17.6,2.0361966e-10
19.2,2.0089304e-10
20.8,1.9816364e-10
22.4,1.955568e-10
24,1.931975e-10
25.6,1.9119852e-10
27.2,1.8964422e-10
28.8,1.885923e-10
30.4,1.8809201e-10
32,1.8820173e-10
33.6,1.8901177e-10
35.2,1.9068824e-10
36.8,1.9353904e-10
38.4,1.9811552e-10
40,2.0540344e-10
41.6,2.1718629e-10
43.2,2.3669348e-10
44.8,2.7078402e-10
46.4,5.9932614e-10
48,8.5939758e-10
49.6,8.6777491e-10
51.2,8.7107478e-10
52.8,8.7187519e-10
54.4,8.7263674e-10
56,8.730982e-10
57.6,8.7350917e-10
59.2,8.7373376e-10
60.8,8.7394183e-10
62.4,8.7415366e-10
64,8.7422389e-10
65.6,8.7433128e-10
67.2,8.7450161e-10
68.8,8.7454683e-10
70.4,8.7459554e-10
72,8.7466256e-10
73.6,8.7473561e-10
75.2,8.7482268e-10
76.8,8.7481964e-10
78.4,8.7488613e-10
80,8.7494662e-10

