Voltage,Capacitance
-80,2.1307887e-10
-79.99984,2.1307887e-10
-79.9996,2.1307888e-10
-79.99924,2.1307888e-10
-79.9987,2.1307886e-10
-79.99789,2.130789e-10
-79.996675,2.1307891e-10
-79.994852,2.130789e-10
-79.992119,2.1307894e-10
-79.988018,2.1307899e-10
-79.981867,2.1307906e-10
-79.972641,2.130792e-10
-79.958801,2.1307936e-10
-79.938042,2.130796e-10
-79.906903,2.1307997e-10
-79.860194,2.130805e-10
-79.790131,2.1308133e-10
-79.685036,2.1308257e-10
-79.527395,2.1308445e-10
-79.290932,2.1308726e-10
-78.936238,2.1309153e-10
-78.404197,2.1309793e-10
-77.606135,2.1310761e-10
-76.435645,2.13122e-10
-74.835645,2.1314201e-10
-73.235645,2.1316251e-10
-71.635645,2.1318345e-10
-70.035645,2.1320487e-10
-68.435645,2.1322679e-10
-66.835645,2.1324924e-10
-65.235645,2.1327223e-10
-64,2.1329038e-10
-62.4,2.1331438e-10
-60.8,2.1333903e-10
-59.2,2.1336437e-10
-57.6,2.1339033e-10
-56,2.1341708e-10
-54.4,2.1344456e-10
-52.8,2.1347283e-10
-51.2,2.1350196e-10
-49.6,2.1353198e-10
-48,2.1356288e-10
-46.4,2.1359484e-10
-44.8,2.1362787e-10
-43.2,2.1366203e-10
-41.6,2.136974e-10
-40,2.1373405e-10
-38.4,2.1377207e-10
-36.8,2.1381155e-10
-35.2,2.1385262e-10
-33.6,2.1389537e-10
-32,2.1393995e-10
-30.4,2.139865e-10
-28.8,2.1403525e-10
-27.2,2.1408619e-10
-25.6,2.1413974e-10
-24,2.1419601e-10
-22.4,2.142553e-10
-20.8,2.143179e-10
-19.2,2.1438416e-10
-17.6,2.1445446e-10
-16,2.1452926e-10
-14.4,2.1460906e-10
-12.8,2.1469444e-10
-11.2,2.1478619e-10
-9.6,2.1488498e-10
-8,2.1499189e-10
-6.4,2.1510783e-10
-4.8,2.1523417e-10
-3.2,2.1537213e-10
-1.6,2.1552314e-10
0,2.1568857e-10
1.6,2.1586858e-10
3.2,2.1606298e-10
4.8,2.1626722e-10
6.4,2.1646967e-10
8,2.1664287e-10
9.6,2.1672865e-10
11.2,2.1661543e-10
12.8,2.1612638e-10
14.4,2.1508241e-10
16,2.1349672e-10
17.6,2.1165083e-10
19.2,2.0971805e-10
20.8,2.0756272e-10
22.4,2.0511249e-10
24,2.0247126e-10
25.6,1.9975215e-10
27.2,1.9707517e-10
28.8,1.9456732e-10
30.4,1.9235205e-10
32,1.9053357e-10
33.6,1.8918524e-10
35.2,1.8836005e-10
36.8,1.8810999e-10
38.4,1.8850311e-10
40,1.8965402e-10
41.6,1.9177466e-10
43.2,1.9524626e-10
44.8,2.0073991e-10
46.4,2.0944814e-10
48,2.235055e-10
49.6,2.4675323e-10
51.2,2.8919537e-10
52.8,5.6174856e-10
54.4,8.461627e-10
56,8.6480489e-10
57.6,8.7004402e-10
59.2,8.7102572e-10
60.8,8.7079806e-10
62.4,8.727558e-10
64,8.7340839e-10
65.6,8.7349981e-10
67.2,8.7395363e-10
68.8,8.7403104e-10
70.4,8.7417424e-10
72,8.7435172e-10
73.6,8.7435046e-10
75.2,8.7448011e-10
76.8,8.7455321e-10
78.4,8.7458687e-10
80,8.7468286e-10

