Voltage,Capacitance
-80,2.2990886e-10
-79.99984,2.2990886e-10
-79.9996,2.2990886e-10
-79.99924,2.2990886e-10
-79.9987,2.2990884e-10
-79.99789,2.2990886e-10
-79.996675,2.2990887e-10
-79.994852,2.2990886e-10
-79.992119,2.2990887e-10
-79.988018,2.2990889e-10
-79.981867,2.2990891e-10
-79.972641,2.2990897e-10
-79.958801,2.2990901e-10
-79.938042,2.2990911e-10
-79.906903,2.2990923e-10
-79.860194,2.299094e-10
-79.790131,2.2990969e-10
-79.685036,2.2991011e-10
-79.527395,2.2991075e-10
-79.290932,2.2991171e-10
-78.936238,2.2991316e-10
-78.404197,2.2991533e-10
-77.606135,2.299186e-10
-76.409043,2.2992355e-10
-74.809043,2.2993021e-10
-73.209043,2.2993699e-10
-71.609043,2.2994384e-10
-70.009043,2.2995078e-10
-68.409043,2.2995781e-10
-66.809043,2.2996494e-10
-65.209043,2.2997216e-10
-64,2.2997769e-10
-62.4,2.2998507e-10
-60.8,2.2999258e-10
-59.2,2.3000021e-10
-57.6,2.3000791e-10
-56,2.3001576e-10
-54.4,2.3002372e-10
-52.8,2.3003179e-10
-51.2,2.3003998e-10
-49.6,2.3004831e-10
-48,2.3005677e-10
-46.4,2.3006536e-10
-44.8,2.3007409e-10
-43.2,2.3008296e-10
-41.6,2.3009199e-10
-40,2.3010116e-10
-38.4,2.301105e-10
-36.8,2.3012e-10
-35.2,2.3012968e-10
-33.6,2.3013953e-10
-32,2.3014956e-10
-30.4,2.3015978e-10
-28.8,2.301702e-10
-27.2,2.3018083e-10
-25.6,2.3019165e-10
-24,2.3020271e-10
-22.4,2.30214e-10
-20.8,2.3022553e-10
-19.2,2.3023731e-10
-17.6,2.3024935e-10
-16,2.3026166e-10
-14.4,2.3027426e-10
-12.8,2.3028718e-10
-11.2,2.3030038e-10
-9.6,2.3031391e-10
-8,2.3032779e-10
-6.4,2.3034204e-10
-4.8,2.3035666e-10
-3.2,2.3037168e-10
-1.6,2.3038712e-10
0,2.3040301e-10
1.6,2.3041936e-10
3.2,2.3043624e-10
4.8,2.3045364e-10
6.4,2.304716e-10
8,2.3049016e-10
9.6,2.3050936e-10
11.2,2.3052926e-10
12.8,2.3054988e-10
14.4,2.305713e-10
16,2.3059357e-10
17.6,2.3061676e-10
19.2,2.3064096e-10
20.8,2.3066623e-10
22.4,2.3069269e-10
24,2.3072045e-10
25.6,2.3074963e-10
27.2,2.3078039e-10
28.8,2.3081286e-10
30.4,2.3084727e-10
32,2.3088381e-10
33.6,2.3092277e-10
35.2,2.3096442e-10
36.8,2.3100909e-10
38.4,2.3105715e-10
40,2.3110892e-10
41.6,2.3116457e-10
43.2,2.3122379e-10
44.8,2.3128453e-10
46.4,2.3133877e-10
48,2.3135212e-10
49.6,2.3109179e-10
51.2,2.201551e-10
52.8,2.9778877e-10
54.4,7.8668266e-10
56,8.5112541e-10
57.6,8.6529384e-10
59.2,8.6912429e-10
60.8,8.7138204e-10
62.4,8.7283608e-10
64,8.7251828e-10
65.6,8.7326686e-10
67.2,8.7364757e-10
68.8,8.7390471e-10
70.4,8.7409199e-10
72,8.7424516e-10
73.6,8.7434067e-10
75.2,8.7448367e-10
76.8,8.745563e-10
78.4,8.7467236e-10
80,8.7465026e-10

