Voltage,Capacitance
-80,2.1355244e-10
-79.99984,2.1355244e-10
-79.9996,2.1355245e-10
-79.99924,2.1355245e-10
-79.9987,2.1355243e-10
-79.99789,2.1355247e-10
-79.996675,2.1355248e-10
-79.994852,2.1355248e-10
-79.992119,2.1355251e-10
-79.988018,2.1355256e-10
-79.981867,2.1355264e-10
-79.972641,2.1355279e-10
-79.958801,2.1355297e-10
-79.938042,2.1355323e-10
-79.906903,2.1355363e-10
-79.860194,2.1355419e-10
-79.790131,2.1355509e-10
-79.685036,2.1355643e-10
-79.527395,2.1355845e-10
-79.290932,2.1356148e-10
-78.936238,2.1356608e-10
-78.404197,2.1357297e-10
-77.606135,2.1358341e-10
-76.435645,2.1359894e-10
-74.835645,2.1362057e-10
-73.235645,2.1364276e-10
-71.635645,2.1366547e-10
-70.035645,2.1368873e-10
-68.435645,2.1371258e-10
-66.835645,2.1373704e-10
-65.235645,2.1376215e-10
-64,2.1378201e-10
-62.4,2.1380831e-10
-60.8,2.1383539e-10
-59.2,2.1386327e-10
-57.6,2.1389192e-10
-56,2.139215e-10
-54.4,2.1395197e-10
-52.8,2.1398341e-10
-51.2,2.1401588e-10
-49.6,2.1404944e-10
-48,2.1408411e-10
-46.4,2.1412009e-10
-44.8,2.1415739e-10
-43.2,2.141961e-10
-41.6,2.1423634e-10
-40,2.1427821e-10
-38.4,2.1432184e-10
-36.8,2.1436736e-10
-35.2,2.1441492e-10
-33.6,2.1446471e-10
-32,2.1451691e-10
-30.4,2.1457174e-10
-28.8,2.1462951e-10
-27.2,2.146903e-10
-25.6,2.1475467e-10
-24,2.1482283e-10
-22.4,2.1489525e-10
-20.8,2.149724e-10
-19.2,2.1505482e-10
-17.6,2.1514316e-10
-16,2.1523816e-10
-14.4,2.1534067e-10
-12.8,2.1545163e-10
-11.2,2.1557224e-10
-9.6,2.157036e-10
-8,2.1584714e-10
-6.4,2.160039e-10
-4.8,2.1617484e-10
-3.2,2.1635951e-10
-1.6,2.1655508e-10
0,2.1675308e-10
1.6,2.1693243e-10
3.2,2.1704915e-10
4.8,2.1701427e-10
6.4,2.1667491e-10
8,2.1583619e-10
9.6,2.1440846e-10
11.2,2.1258927e-10
12.8,2.1065758e-10
14.4,2.0857885e-10
16,2.0620718e-10
17.6,2.0359809e-10
19.2,2.0087183e-10
20.8,1.9814355e-10
22.4,1.9553868e-10
24,1.9318227e-10
25.6,1.9118722e-10
27.2,1.8963809e-10
28.8,1.8859279e-10
30.4,1.8810078e-10
32,1.8822068e-10
33.6,1.8904241e-10
35.2,1.9072899e-10
36.8,1.9357706e-10
38.4,1.9810591e-10
40,2.0522546e-10
41.6,2.1655243e-10
43.2,2.3494977e-10
44.8,2.6599584e-10
46.4,3.3684015e-10
48,7.518294e-10
49.6,8.5121716e-10
51.2,8.6554519e-10
52.8,8.685364e-10
54.4,8.7097659e-10
56,8.7213147e-10
57.6,8.7290862e-10
59.2,8.7329091e-10
60.8,8.7355176e-10
62.4,8.7379449e-10
64,8.7400933e-10
65.6,8.7416198e-10
67.2,8.7430841e-10
68.8,8.7443452e-10
70.4,8.7445957e-10
72,8.745456e-10
73.6,8.7463193e-10
75.2,8.7467657e-10
76.8,8.7477298e-10
78.4,8.7481728e-10
80,8.7484779e-10

