Voltage,Capacitance
-80,2.1307684e-10
-79.99984,2.1307684e-10
-79.9996,2.1307684e-10
-79.99924,2.1307684e-10
-79.9987,2.1307682e-10
-79.99789,2.1307686e-10
-79.996675,2.1307688e-10
-79.994852,2.1307687e-10
-79.992119,2.130769e-10
-79.988018,2.1307695e-10
-79.981867,2.1307702e-10
-79.972641,2.1307716e-10
-79.958801,2.1307732e-10
-79.938042,2.1307757e-10
-79.906903,2.1307794e-10
-79.860194,2.1307846e-10
-79.790131,2.1307929e-10
-79.685036,2.1308054e-10
-79.527395,2.1308241e-10
-79.290932,2.1308523e-10
-78.936238,2.130895e-10
-78.404197,2.130959e-10
-77.606135,2.1310558e-10
-76.435645,2.1311996e-10
-74.835645,2.1313997e-10
-73.235645,2.1316048e-10
-71.635645,2.1318142e-10
-70.035645,2.1320284e-10
-68.435645,2.1322476e-10
-66.835645,2.1324721e-10
-65.235645,2.132702e-10
-64,2.1328835e-10
-62.4,2.1331235e-10
-60.8,2.1333701e-10
-59.2,2.1336235e-10
-57.6,2.1338831e-10
-56,2.1341506e-10
-54.4,2.1344254e-10
-52.8,2.1347082e-10
-51.2,2.1349995e-10
-49.6,2.1352997e-10
-48,2.1356088e-10
-46.4,2.1359285e-10
-44.8,2.1362588e-10
-43.2,2.1366005e-10
-41.6,2.1369542e-10
-40,2.1373208e-10
-38.4,2.137701e-10
-36.8,2.138096e-10
-35.2,2.1385067e-10
-33.6,2.1389344e-10
-32,2.1393803e-10
-30.4,2.139846e-10
-28.8,2.1403336e-10
-27.2,2.1408431e-10
-25.6,2.1413788e-10
-24,2.1419418e-10
-22.4,2.1425349e-10
-20.8,2.1431612e-10
-19.2,2.1438241e-10
-17.6,2.1445275e-10
-16,2.1452758e-10
-14.4,2.1460744e-10
-12.8,2.1469287e-10
-11.2,2.1478469e-10
-9.6,2.1488356e-10
-8,2.1499056e-10
-6.4,2.151066e-10
-4.8,2.1523308e-10
-3.2,2.153712e-10
-1.6,2.1552242e-10
0,2.156881e-10
1.6,2.1586844e-10
3.2,2.1606326e-10
4.8,2.1626805e-10
6.4,2.1647124e-10
8,2.1664547e-10
9.6,2.1673269e-10
11.2,2.1662145e-10
12.8,2.161349e-10
14.4,2.1509326e-10
16,2.1350864e-10
17.6,2.1166259e-10
19.2,2.097299e-10
20.8,2.0757529e-10
22.4,2.0512561e-10
24,2.024845e-10
25.6,1.9976507e-10
27.2,1.9708726e-10
28.8,1.94578e-10
30.4,1.9236071e-10
32,1.9053949e-10
33.6,1.8918759e-10
35.2,1.8835786e-10
36.8,1.8810212e-10
38.4,1.8848838e-10
40,1.896319e-10
41.6,1.9174802e-10
43.2,1.9522919e-10
44.8,2.0077601e-10
46.4,2.0964812e-10
48,2.2412639e-10
49.6,2.4838678e-10
51.2,2.9569035e-10
52.8,8.290192e-10
54.4,8.6482571e-10
56,8.6956163e-10
57.6,8.714036e-10
59.2,8.7161896e-10
60.8,8.7238822e-10
62.4,8.7329208e-10
64,8.7359448e-10
65.6,8.7381734e-10
67.2,8.7407827e-10
68.8,8.7417453e-10
70.4,8.7427257e-10
72,8.7437612e-10
73.6,8.7452967e-10
75.2,8.7453529e-10
76.8,8.7460513e-10
78.4,8.7469614e-10
80,8.7474239e-10

