Voltage,Capacitance
-80,2.2991397e-10
-79.99984,2.2991398e-10
-79.9996,2.2991398e-10
-79.99924,2.2991398e-10
-79.9987,2.2991396e-10
-79.99789,2.2991398e-10
-79.996675,2.2991399e-10
-79.994852,2.2991398e-10
-79.992119,2.2991399e-10
-79.988018,2.2991401e-10
-79.981867,2.2991403e-10
-79.972641,2.2991409e-10
-79.958801,2.2991413e-10
-79.938042,2.2991423e-10
-79.906903,2.2991435e-10
-79.860194,2.2991452e-10
-79.790131,2.2991481e-10
-79.685036,2.2991524e-10
-79.527395,2.2991588e-10
-79.290932,2.2991684e-10
-78.936238,2.299183e-10
-78.404197,2.2992048e-10
-77.606135,2.2992376e-10
-76.409043,2.2992872e-10
-74.809043,2.2993541e-10
-73.209043,2.2994222e-10
-71.609043,2.299491e-10
-70.009043,2.2995607e-10
-68.409043,2.2996313e-10
-66.809043,2.2997029e-10
-65.209043,2.2997754e-10
-64,2.2998309e-10
-62.4,2.2999051e-10
-60.8,2.2999804e-10
-59.2,2.3000571e-10
-57.6,2.3001345e-10
-56,2.3002134e-10
-54.4,2.3002932e-10
-52.8,2.3003743e-10
-51.2,2.3004567e-10
-49.6,2.3005403e-10
-48,2.3006253e-10
-46.4,2.3007117e-10
-44.8,2.3007994e-10
-43.2,2.3008886e-10
-41.6,2.3009793e-10
-40,2.3010716e-10
-38.4,2.3011655e-10
-36.8,2.301261e-10
-35.2,2.3013583e-10
-33.6,2.3014573e-10
-32,2.3015582e-10
-30.4,2.3016611e-10
-28.8,2.3017659e-10
-27.2,2.3018728e-10
-25.6,2.3019816e-10
-24,2.3020929e-10
-22.4,2.3022065e-10
-20.8,2.3023226e-10
-19.2,2.3024411e-10
-17.6,2.3025624e-10
-16,2.3026864e-10
-14.4,2.3028132e-10
-12.8,2.3029434e-10
-11.2,2.3030763e-10
-9.6,2.3032126e-10
-8,2.3033524e-10
-6.4,2.303496e-10
-4.8,2.3036434e-10
-3.2,2.3037949e-10
-1.6,2.3039506e-10
0,2.3041108e-10
1.6,2.3042758e-10
3.2,2.3044461e-10
4.8,2.3046217e-10
6.4,2.304803e-10
8,2.3049905e-10
9.6,2.3051845e-10
11.2,2.3053855e-10
12.8,2.305594e-10
14.4,2.3058105e-10
16,2.3060358e-10
17.6,2.3062705e-10
19.2,2.3065154e-10
20.8,2.3067714e-10
22.4,2.3070396e-10
24,2.307321e-10
25.6,2.307617e-10
27.2,2.3079292e-10
28.8,2.3082591e-10
30.4,2.3086088e-10
32,2.3089805e-10
33.6,2.309377e-10
35.2,2.3098013e-10
36.8,2.3102566e-10
38.4,2.3107466e-10
40,2.3112742e-10
41.6,2.3118402e-10
43.2,2.3124384e-10
44.8,2.3130394e-10
46.4,2.3135293e-10
48,2.3133911e-10
49.6,2.3084039e-10
51.2,1.9830958e-10
52.8,2.9870773e-10
54.4,7.8732059e-10
56,8.5117929e-10
57.6,8.646236e-10
59.2,8.6879807e-10
60.8,8.7146128e-10
62.4,8.7196825e-10
64,8.7326677e-10
65.6,8.7329056e-10
67.2,8.7361295e-10
68.8,8.7390186e-10
70.4,8.7410764e-10
72,8.7423586e-10
73.6,8.743673e-10
75.2,8.7444754e-10
76.8,8.7455879e-10
78.4,8.7466643e-10
80,8.7466469e-10

