Voltage,Capacitance
-80,2.1309902e-10
-79.99984,2.1309902e-10
-79.9996,2.1309903e-10
-79.99924,2.1309903e-10
-79.9987,2.1309901e-10
-79.99789,2.1309905e-10
-79.996675,2.1309906e-10
-79.994852,2.1309905e-10
-79.992119,2.1309909e-10
-79.988018,2.1309913e-10
-79.981867,2.1309921e-10
-79.972641,2.1309935e-10
-79.958801,2.1309951e-10
-79.938042,2.1309976e-10
-79.906903,2.1310013e-10
-79.860194,2.1310065e-10
-79.790131,2.1310149e-10
-79.685036,2.1310274e-10
-79.527395,2.1310462e-10
-79.290932,2.1310744e-10
-78.936238,2.1311173e-10
-78.404197,2.1311815e-10
-77.606135,2.1312787e-10
-76.435645,2.1314232e-10
-74.835645,2.131624e-10
-73.235645,2.1318299e-10
-71.635645,2.1320402e-10
-70.035645,2.1322553e-10
-68.435645,2.1324755e-10
-66.835645,2.1327009e-10
-65.235645,2.1329319e-10
-64,2.1331142e-10
-62.4,2.1333554e-10
-60.8,2.1336031e-10
-59.2,2.1338577e-10
-57.6,2.1341187e-10
-56,2.1343875e-10
-54.4,2.1346638e-10
-52.8,2.1349481e-10
-51.2,2.135241e-10
-49.6,2.1355429e-10
-48,2.1358537e-10
-46.4,2.1361753e-10
-44.8,2.1365077e-10
-43.2,2.1368515e-10
-41.6,2.1372075e-10
-40,2.1375765e-10
-38.4,2.1379594e-10
-36.8,2.1383571e-10
-35.2,2.1387709e-10
-33.6,2.1392018e-10
-32,2.1396512e-10
-30.4,2.1401206e-10
-28.8,2.1406123e-10
-27.2,2.1411263e-10
-25.6,2.1416668e-10
-24,2.1422351e-10
-22.4,2.142834e-10
-20.8,2.1434667e-10
-19.2,2.1441366e-10
-17.6,2.1448478e-10
-16,2.1456048e-10
-14.4,2.1464131e-10
-12.8,2.1472783e-10
-11.2,2.1482088e-10
-9.6,2.1492112e-10
-8,2.1502968e-10
-6.4,2.151475e-10
-4.8,2.1527596e-10
-3.2,2.1541631e-10
-1.6,2.1556999e-10
0,2.1573827e-10
1.6,2.1592115e-10
3.2,2.1611799e-10
4.8,2.1632322e-10
6.4,2.1652308e-10
8,2.1668569e-10
9.6,2.1674467e-10
11.2,2.1657602e-10
12.8,2.1599357e-10
14.4,2.1483639e-10
16,2.1317468e-10
17.6,2.1130849e-10
19.2,2.0934702e-10
20.8,2.0713276e-10
22.4,2.0463561e-10
24,2.0196992e-10
25.6,1.992478e-10
27.2,1.9659162e-10
28.8,1.9412839e-10
30.4,1.9197933e-10
32,1.9024299e-10
33.6,1.8898737e-10
35.2,1.8826376e-10
36.8,1.8812566e-10
38.4,1.886469e-10
40,1.899565e-10
41.6,1.9229445e-10
43.2,1.9609248e-10
44.8,2.0211652e-10
46.4,2.1173975e-10
48,2.2743406e-10
49.6,2.537778e-10
51.2,3.0819662e-10
52.8,8.0609555e-10
54.4,8.6169733e-10
56,8.6879024e-10
57.6,8.708605e-10
59.2,8.7184428e-10
60.8,8.7367751e-10
62.4,8.7321911e-10
64,8.7351311e-10
65.6,8.7383636e-10
67.2,8.7395058e-10
68.8,8.7413021e-10
70.4,8.7428836e-10
72,8.7442677e-10
73.6,8.7446592e-10
75.2,8.7452017e-10
76.8,8.7462794e-10
78.4,8.7470193e-10
80,8.7469838e-10

