Voltage,Capacitance
-80,2.3002367e-10
-79.99984,2.3002367e-10
-79.9996,2.3002367e-10
-79.99924,2.3002367e-10
-79.9987,2.3002365e-10
-79.99789,2.3002367e-10
-79.996675,2.3002368e-10
-79.994852,2.3002367e-10
-79.992119,2.3002368e-10
-79.988018,2.300237e-10
-79.981867,2.3002373e-10
-79.972641,2.3002379e-10
-79.958801,2.3002383e-10
-79.938042,2.3002394e-10
-79.906903,2.3002407e-10
-79.860194,2.3002426e-10
-79.790131,2.3002457e-10
-79.685036,2.3002503e-10
-79.527395,2.3002573e-10
-79.290932,2.3002677e-10
-78.936238,2.3002836e-10
-78.404197,2.3003072e-10
-77.606135,2.3003429e-10
-76.409043,2.3003968e-10
-74.809043,2.3004695e-10
-73.209043,2.3005436e-10
-71.609043,2.3006186e-10
-70.009043,2.3006946e-10
-68.409043,2.3007717e-10
-66.809043,2.30085e-10
-65.209043,2.3009294e-10
-64,2.3009901e-10
-62.4,2.3010715e-10
-60.8,2.3011542e-10
-59.2,2.3012384e-10
-57.6,2.3013237e-10
-56,2.3014106e-10
-54.4,2.3014987e-10
-52.8,2.3015884e-10
-51.2,2.3016795e-10
-49.6,2.3017722e-10
-48,2.3018665e-10
-46.4,2.3019625e-10
-44.8,2.3020602e-10
-43.2,2.3021597e-10
-41.6,2.302261e-10
-40,2.3023643e-10
-38.4,2.3024695e-10
-36.8,2.3025769e-10
-35.2,2.3026863e-10
-33.6,2.3027981e-10
-32,2.3029121e-10
-30.4,2.3030286e-10
-28.8,2.3031475e-10
-27.2,2.3032692e-10
-25.6,2.3033933e-10
-24,2.3035206e-10
-22.4,2.3036508e-10
-20.8,2.3037842e-10
-19.2,2.3039209e-10
-17.6,2.3040611e-10
-16,2.3042049e-10
-14.4,2.3043525e-10
-12.8,2.3045044e-10
-11.2,2.3046601e-10
-9.6,2.3048205e-10
-8,2.3049855e-10
-6.4,2.3051557e-10
-4.8,2.3053311e-10
-3.2,2.3055122e-10
-1.6,2.3056993e-10
0,2.3058927e-10
1.6,2.306093e-10
3.2,2.3063008e-10
4.8,2.3065164e-10
6.4,2.3067404e-10
8,2.3069735e-10
9.6,2.3072165e-10
11.2,2.3074701e-10
12.8,2.3077353e-10
14.4,2.308013e-10
16,2.3083047e-10
17.6,2.3086115e-10
19.2,2.3089349e-10
20.8,2.3092767e-10
22.4,2.3096388e-10
24,2.3100235e-10
25.6,2.3104331e-10
27.2,2.3108706e-10
28.8,2.311338e-10
30.4,2.3118381e-10
32,2.3123714e-10
33.6,2.3129346e-10
35.2,2.313513e-10
36.8,2.3140599e-10
38.4,2.3144276e-10
40,2.3140749e-10
41.6,2.3103211e-10
43.2,2.2835069e-10
44.8,2.182641e-10
46.4,2.0262214e-10
48,1.919003e-10
49.6,1.9627392e-10
51.2,2.2603646e-10
52.8,3.8388427e-10
54.4,8.0952235e-10
56,8.5514127e-10
57.6,8.6613931e-10
59.2,8.6933385e-10
60.8,8.713148e-10
62.4,8.7235702e-10
64,8.7298414e-10
65.6,8.7330166e-10
67.2,8.7368087e-10
68.8,8.7391626e-10
70.4,8.740858e-10
72,8.7423733e-10
73.6,8.7433292e-10
75.2,8.7444084e-10
76.8,8.7452973e-10
78.4,8.7465114e-10
80,8.7474129e-10

